{
  "0.05": 0.717721700668335,
  "0.1": 0.5292484760284424
}