Model,Accuracy,F1 Macro
Ensemble (Stacked),0.5267857142857143,0.45694188341247166
yolo,0.5267857142857143,0.4521735706874713
maxvit,0.07142857142857142,0.030002390628735356
